api,well,operator,application_type,drill_type,submitted,approved
42-335-36075,BRENNAND '17' 1,"SABINAL ENERGY OPERATING, LLC",New Drill,Directional,2025-01-13,
42-335-36074,VIRGINIA 64-76 A UNIT A 1H,"HIGHPEAK ENERGY HOLDINGS, LLC",New Drill,Horizontal,2024-11-13,2024-12-11
42-335-36073,DUNN 65-77 A UNIT A 3H,"HIGHPEAK ENERGY HOLDINGS, LLC",New Drill,Horizontal,2024-11-04,2025-01-07
42-335-36073,DUNN 65-77 A UNIT A 3H,"HIGHPEAK ENERGY HOLDINGS, LLC",New Drill,Horizontal,2024-10-17,2024-10-17
42-335-36021,"MCCABE, V. T. 70","SD ROYALE ENERGY, INC.",Recompletion,Vertical,2024-10-16,2024-10-21
42-335-36069,DUNN 65-77 B UNIT A 5H,"HIGHPEAK ENERGY HOLDINGS, LLC",New Drill,Horizontal,2024-10-14,2024-11-26
42-335-36072,BROKEN DAM 62S,BAYSWATER OPERATING COMPANY LLC,New Drill,Vertical,2024-10-08,2024-10-09
42-335-36021,"MCCABE, V. T. 70","SD ROYALE ENERGY, INC.",New Drill,Vertical,2024-09-30,2024-10-09
42-335-36071,CATHODIC PROTECTION 16,ENERGY TRANSFER COMPANY,New Drill,Vertical,2024-09-27,2024-10-03
42-335-36069,DUNN 65-77 B UNIT A 5H,"HIGHPEAK ENERGY HOLDINGS, LLC",New Drill,Horizontal,2024-09-27,2024-09-30
42-335-36070,DUNN 65-77 A UNIT A 3H,"HIGHPEAK ENERGY HOLDINGS, LLC",New Drill,Horizontal,2024-09-27,
,MLV 7 004,TARGA NGL PIPELINE COMPANY LLC,New Drill,Vertical,2024-09-24,
42-335-36059,PORT O'CONNOR '34' 2H,"SAGUARO PETROLEUM, LLC",New Drill,Horizontal,2024-08-26,
42-335-36052,PORT O'CONNOR '34' 1,"SAGUARO PETROLEUM, LLC",New Drill,Vertical,2024-08-26,
42-335-36068,SOLOMON71 4,"RHB EXPLORATION & PRODUCTION,LLC",New Drill,Vertical,2024-08-15,2024-08-19
42-335-36065,SOLOMON71 1,"RHB EXPLORATION & PRODUCTION,LLC",New Drill,Vertical,2024-08-14,2024-08-19
42-335-36066,SOLOMON71 2,"RHB EXPLORATION & PRODUCTION,LLC",New Drill,Vertical,2024-08-14,2024-08-19
42-335-36067,SOLOMON71 3,"RHB EXPLORATION & PRODUCTION,LLC",New Drill,Vertical,2024-08-14,2024-08-19
42-335-36052,PORT O'CONNOR '34' 1,"SAGUARO PETROLEUM, LLC",New Drill,Vertical,2024-08-13,2024-08-27
42-335-36035,XERXES 7-18-31 H 3W,BAYSWATER OPERATING COMPANY LLC,New Drill,Horizontal,2024-07-23,2024-08-29
42-335-36058,CLEOPATRA 8-2-61 H 4W,BAYSWATER OPERATING COMPANY LLC,New Drill,Horizontal,2024-07-20,2024-08-29
42-335-36062,DELTA 7-18-31 H 2W,BAYSWATER OPERATING COMPANY LLC,New Drill,Horizontal,2024-07-06,2024-08-06
42-335-36055,OSIRIS 7-1-62 H 1W,BAYSWATER OPERATING COMPANY LLC,New Drill,Horizontal,2024-07-03,2024-08-06
42-335-36056,DELTA 7-18-31 H 1W,BAYSWATER OPERATING COMPANY LLC,New Drill,Horizontal,2024-07-03,2024-08-06
42-335-01622,WILLIAMSON DUNN 1,"HIGHPEAK ENERGY HOLDINGS, LLC",Re-Enter,Vertical,2024-06-24,2024-07-25
42-335-33631,JV-F BULL 1,"HIGHPEAK ENERGY HOLDINGS, LLC",Re-Enter,Vertical,2024-06-24,2024-07-25
42-335-00003,AL DUNN 1,"HIGHPEAK ENERGY HOLDINGS, LLC",Re-Enter,Vertical,2024-06-24,2024-07-09
42-335-36060,ATE564 1,ATMOS PIPELINE - TEXAS,New Drill,Vertical,2024-06-03,2024-06-11
42-335-36052,PORT O'CONNOR '34' 1,"SAGUARO PETROLEUM, LLC",New Drill,Vertical,2024-05-10,2024-05-17
42-335-36064,SPADE RANCH W272,"CROWNQUEST OPERATING, LLC",New Drill,Vertical,2024-05-02,2024-05-13
42-335-36063,SPADE RANCH W101,"CROWNQUEST OPERATING, LLC",New Drill,Vertical,2024-05-02,2024-05-07
42-335-31782,LOTTIE SWD 1,"HIGHPEAK ENERGY HOLDINGS, LLC",Re-Enter,Vertical,2024-05-02,2024-05-06
42-335-36061,SPHINX 8-17-32 H 3W,BAYSWATER OPERATING COMPANY LLC,New Drill,Horizontal,2024-04-19,2024-04-24
42-335-36062,DELTA 7-18-31 H 2W,BAYSWATER OPERATING COMPANY LLC,New Drill,Horizontal,2024-04-19,2024-04-24
42-335-36059,PORT O'CONNOR '34' 2H,"SAGUARO PETROLEUM, LLC",New Drill,Horizontal,2024-04-17,2024-05-10
42-335-36060,ATE564 1,"ATMOS ENERGY CORP., MID-TEX DIV.",New Drill,Vertical,2024-04-12,2024-04-16
42-335-36053,SUEZ 10-15-34-40 H 4W,BAYSWATER OPERATING COMPANY LLC,New Drill,Horizontal,2024-04-08,2024-05-08
42-335-36054,NILE 9-16-33-40 H 1W,BAYSWATER OPERATING COMPANY LLC,New Drill,Horizontal,2024-04-04,2024-05-07
42-335-36059,PORT O'CONNOR '34' 2,"SAGUARO PETROLEUM, LLC",New Drill,Vertical,2024-03-29,2024-04-03
42-335-36057,SPHINX 8-17-32 H 4W,BAYSWATER OPERATING COMPANY LLC,New Drill,Horizontal,2024-03-20,2024-03-21
42-335-36058,CLEOPATRA 8-2-61 H 4W,BAYSWATER OPERATING COMPANY LLC,New Drill,Horizontal,2024-03-20,2024-03-21
42-335-36051,MEMPHIS 9-3-60 H 1W,BAYSWATER OPERATING COMPANY LLC,New Drill,Horizontal,2024-03-19,2024-04-17
42-335-36055,OSIRIS 7-1-62 H 1W,BAYSWATER OPERATING COMPANY LLC,New Drill,Horizontal,2024-03-14,2024-04-19
42-335-36055,OSIRIS 7-1-62 H 1W,BAYSWATER OPERATING COMPANY LLC,New Drill,Horizontal,2024-03-04,2024-03-11
42-335-36056,DELTA 7-18-31 H 1W,BAYSWATER OPERATING COMPANY LLC,New Drill,Horizontal,2024-03-04,2024-03-11
42-335-32986,"FOSTER, MARY 170","BASA RESOURCES, INC.",Recompletion,Vertical,2024-01-04,2024-01-09
42-335-36054,NILE 9-16-33-40 H 1W,BAYSWATER OPERATING COMPANY LLC,New Drill,Horizontal,2023-11-16,2023-11-28
42-335-36053,SUEZ 10-15-34-40 H 4W,BAYSWATER OPERATING COMPANY LLC,New Drill,Horizontal,2023-11-15,2023-11-17
42-335-36052,PORT O'CONNOR '34' 1,"SAGUARO PETROLEUM, LLC",New Drill,Vertical,2023-11-10,2023-11-16
42-335-36051,MEMPHIS 9-3-60 H 1W,BAYSWATER OPERATING COMPANY LLC,New Drill,Horizontal,2023-11-09,2023-11-14
42-335-36050,JC NOLAN MP 55.0 1,ENERGY TRANSFER COMPANY,New Drill,Vertical,2023-11-07,2023-11-14
42-335-34605,"FOSTER, MARY ACCT. #2 495","BASA RESOURCES, INC.",Recompletion,Vertical,2023-11-02,2023-11-08
42-335-36049,GIZA 10-4-59 H 4W,BAYSWATER OPERATING COMPANY LLC,New Drill,Horizontal,2023-10-26,2023-10-31
42-335-33600,"FOSTER, MARY 274","BASA RESOURCES, INC.",Recompletion,Vertical,2023-10-09,2023-10-11
42-335-36048,EZJ RANCH B 3,"SHARP IMAGE ENERGY, INC.",New Drill,Vertical,2023-09-28,2023-10-02
42-335-36045,PEARL RIVER 4-9 H 3W,BAYSWATER OPERATING COMPANY LLC,New Drill,Horizontal,2023-09-20,2023-09-22
42-335-36046,PEARL RIVER 4-9 H 4W,BAYSWATER OPERATING COMPANY LLC,New Drill,Horizontal,2023-09-20,2023-09-22
42-335-36047,JAVA 16-21 H 4W,BAYSWATER OPERATING COMPANY LLC,New Drill,Horizontal,2023-09-20,2023-09-22
42-335-36043,COLEMAN A 7,"RHB EXPLORATION & PRODUCTION,LLC",New Drill,Vertical,2023-09-08,2023-09-27
42-335-36044,COLEMAN A 2,"RHB EXPLORATION & PRODUCTION,LLC",New Drill,Vertical,2023-09-08,2023-09-27
42-335-36042,PEARL RIVER 4-9 H 2W,BAYSWATER OPERATING COMPANY LLC,New Drill,Horizontal,2023-09-07,2023-09-19
42-335-36041,PEARL RIVER 4-9 H 1W,BAYSWATER OPERATING COMPANY LLC,New Drill,Horizontal,2023-09-06,2023-09-18
42-335-36030,JADE PALACE 4-9 H 4W,BAYSWATER OPERATING COMPANY LLC,New Drill,Horizontal,2023-08-29,2023-09-26
42-335-36031,GOLDEN SAND 10-3 H 1W,BAYSWATER OPERATING COMPANY LLC,New Drill,Horizontal,2023-08-29,2023-08-31
42-335-36040,PORT ARANSAS 35 1,"SAGUARO PETROLEUM, LLC",New Drill,Vertical,2023-07-11,2023-08-07
42-335-33925,"SCHUMACHER, W. M. 23","BASA RESOURCES, INC.",Reclass,Vertical,2023-05-31,2023-06-05
42-335-36038,SPADE RANCH W252,"CROWNQUEST OPERATING, LLC",New Drill,Vertical,2023-05-24,2023-05-26
42-335-36036,SPADE RANCH 262,"CROWNQUEST OPERATING, LLC",New Drill,Vertical,2023-05-24,2023-05-26
42-335-36039,SPADE RANCH 261,"CROWNQUEST OPERATING, LLC",New Drill,Vertical,2023-05-24,2023-05-26
42-335-36037,SPADE RANCH W352,"CROWNQUEST OPERATING, LLC",New Drill,Vertical,2023-05-23,2023-05-26
42-335-33738,"FOSTER, MARY 337","BASA RESOURCES, INC.",Reclass,Vertical,2023-04-19,2023-04-24
42-335-36035,XERXES 7-18-31 H 3W,BAYSWATER OPERATING COMPANY LLC,New Drill,Horizontal,2023-03-29,2023-04-06
42-335-36034,MOSES 7-1-62 H 3W,BAYSWATER OPERATING COMPANY LLC,New Drill,Horizontal,2023-03-24,2023-03-29
42-335-36032,JC NOLAN MP 53.8 1,ENERGY TRANSFER COMPANY,New Drill,Vertical,2023-01-20,2023-01-26
42-335-36033,JC NOLAN MP 61.6 1,ENERGY TRANSFER COMPANY,New Drill,Vertical,2023-01-20,2023-01-26
42-335-34833,"FOSTER, MARY 512","BASA RESOURCES, INC.",Recompletion,Vertical,2022-12-19,2022-12-28
42-335-35366,NORTH WESTBROOK UNIT 7602,"SABINAL ENERGY OPERATING, LLC",Recompletion,Vertical,2022-11-02,2022-11-17
42-335-35296,NORTH WESTBROOK UNIT 7119,"SABINAL ENERGY OPERATING, LLC",Recompletion,Vertical,2022-11-02,2022-11-08
42-335-34298,WESTBROOK SOUTHEAST UNIT 2714,"SABINAL ENERGY OPERATING, LLC",Recompletion,Vertical,2022-11-02,2022-11-04
42-335-30414,WESTBROOK SOUTHEAST UNIT 2903,"SABINAL ENERGY OPERATING, LLC",Recompletion,Vertical,2022-11-02,2022-11-04
42-335-36031,GOLDEN SAND 10-3 H 1W,BAYSWATER OPERATING COMPANY LLC,New Drill,Horizontal,2022-10-27,2022-10-31
42-335-36030,JADE PALACE 4-9 H 4W,BAYSWATER OPERATING COMPANY LLC,New Drill,Horizontal,2022-10-25,2022-10-31
42-335-36022,OASIS 9-16-33-40 H 4W,BAYSWATER OPERATING COMPANY LLC,New Drill,Horizontal,2022-08-19,2022-10-11
42-335-36025,LUXOR 9-3-60 H 4W,BAYSWATER OPERATING COMPANY LLC,New Drill,Horizontal,2022-08-18,2022-10-11
42-335-36029,GLASS 21 1,"SAGUARO PETROLEUM, LLC",New Drill,Vertical,2022-08-08,2022-08-24
42-335-36027,ELMO 8 1H,"SABINAL ENERGY OPERATING, LLC",New Drill,Horizontal,2022-07-25,2022-07-28
42-335-36028,KERMIT 10 1H,"SABINAL ENERGY OPERATING, LLC",New Drill,Horizontal,2022-07-25,2022-07-28
42-335-34890,"FOSTER, W. L. #5 23","SABINAL ENERGY OPERATING, LLC",Recompletion,Vertical,2022-06-29,2022-07-01
42-335-36026,OASIS DEEP 9XD,BAYSWATER OPERATING COMPANY LLC,New Drill,Vertical,2022-06-27,2022-06-27
42-335-36025,LUXOR 9-3-60 H 4W,BAYSWATER OPERATING COMPANY LLC,New Drill,Horizontal,2022-06-13,2022-06-17
42-335-36024,SPADE RANCH W341,"CROWNQUEST OPERATING, LLC",New Drill,Vertical,2022-06-06,2022-06-16
42-335-36023,SPADE RANCH W251,"CROWNQUEST OPERATING, LLC",New Drill,Vertical,2022-06-06,2022-06-13
42-335-36022,OASIS 9-16-33-40 H 4W,BAYSWATER OPERATING COMPANY LLC,New Drill,Horizontal,2022-06-06,2022-06-13
42-335-36021,"MCCABE, V. T. 70","SD ROYALE ENERGY, INC.",New Drill,Vertical,2022-05-19,2022-05-24
42-335-36019,GRANT EAST 2,BUCCANEER OPERATING LLC,New Drill,Vertical,2022-04-29,2022-05-05
42-335-36020,GRANT EAST 3,BUCCANEER OPERATING LLC,New Drill,Vertical,2022-04-29,2022-05-05
42-335-36018,GRANT EAST 1,BUCCANEER OPERATING LLC,New Drill,Vertical,2022-04-15,2022-04-20
42-335-36016,SPADE RANCH M271,"CROWNQUEST OPERATING, LLC",New Drill,Vertical,2022-04-06,2022-04-21
42-335-36017,SPADE RANCH C222,"CROWNQUEST OPERATING, LLC",New Drill,Vertical,2022-04-06,2022-04-13
42-335-31495,"FOSTER, W. L. #1 57","SABINAL ENERGY OPERATING, LLC",Recompletion,Vertical,2022-04-05,2022-04-20
42-335-36015,BIG SALMON 11 1,"SAGUARO PETROLEUM, LLC",New Drill,Vertical,2022-03-17,2022-03-24
42-335-34619,NORTH WESTBROOK UNIT 6833,"SABINAL ENERGY OPERATING, LLC",Recompletion,Vertical,2022-03-08,2022-03-10
42-335-34614,NORTH WESTBROOK UNIT 7029,"SABINAL ENERGY OPERATING, LLC",Recompletion,Vertical,2022-03-08,2022-03-10
42-335-34746,NORTH WESTBROOK UNIT 7032,"SABINAL ENERGY OPERATING, LLC",Recompletion,Vertical,2022-03-08,2022-03-10
42-335-01427,NORTH WESTBROOK UNIT 7220,"SABINAL ENERGY OPERATING, LLC",Recompletion,Vertical,2022-03-08,2022-03-10
42-335-35311,NORTH WESTBROOK UNIT 3819,"SABINAL ENERGY OPERATING, LLC",Recompletion,Vertical,2022-02-17,2022-04-04
42-335-01583,NORTH WESTBROOK UNIT 1807,"SABINAL ENERGY OPERATING, LLC",Recompletion,Vertical,2022-02-16,2022-04-12
42-335-01579,NORTH WESTBROOK UNIT 1803,"SABINAL ENERGY OPERATING, LLC",Recompletion,Vertical,2022-02-15,2022-04-07
42-335-35165,NORTH WESTBROOK UNIT 709,"SABINAL ENERGY OPERATING, LLC",Recompletion,Vertical,2022-02-15,2022-03-29
42-335-01580,NORTH WESTBROOK UNIT 1804,"SABINAL ENERGY OPERATING, LLC",Recompletion,Vertical,2022-02-15,2022-03-29
42-335-36013,MONGOOSE AGI 1,BAYSWATER OPERATING COMPANY LLC,New Drill,Vertical,2022-02-03,2022-02-10
42-335-36014,HEREFORD 37 2,"REATTA ENERGY, INC.",New Drill,Vertical,2022-01-31,2022-02-14
42-335-36012,BLUE QUAIL 1,"SHARP IMAGE ENERGY, INC.",New Drill,Vertical,2022-01-12,2022-01-19
42-335-36012,BLUE QUAIL 1,"SHARP IMAGE ENERGY, INC.",New Drill,Vertical,2022-01-06,2022-01-12
42-335-32873,ELLWOOD B 106,"KATSCO ENERGY, INC.",Recompletion,Vertical,2021-12-09,2021-12-16
42-335-36011,"MCCABE, V. T. 69","SD ROYALE ENERGY, INC.",New Drill,Vertical,2021-11-17,2021-11-23
42-335-36010,ELLWOOD 20 1,"SAGUARO PETROLEUM, LLC",New Drill,Vertical,2021-11-01,2021-11-10
42-335-01445,NORTH WESTBROOK UNIT 6813,"SABINAL ENERGY OPERATING, LLC",Recompletion,Vertical,2021-10-06,2021-10-12
42-335-34617,NORTH WESTBROOK UNIT 6930,"SABINAL ENERGY OPERATING, LLC",Recompletion,Vertical,2021-10-05,2021-10-12
42-335-30654,"WATSON, W. W. 19","BASA RESOURCES, INC.",Reclass,Vertical,2021-08-24,2021-08-27
42-335-36008,NORTH WESTBROOK UNIT 5513H,"SABINAL ENERGY OPERATING, LLC",New Drill,Horizontal,2021-08-23,2021-08-27
42-335-36009,NORTH WESTBROOK UNIT 6352H,"SABINAL ENERGY OPERATING, LLC",New Drill,Horizontal,2021-08-23,2021-08-27
42-335-35115,TURNER GREGORY UNIT 709,BREITBURN OPERATING L.P.,Recompletion,Vertical,2021-07-19,2021-07-27
42-335-36005,SPADE RANCH C 51,"CROWNQUEST OPERATING, LLC",New Drill,Vertical,2021-05-25,2021-06-08
42-335-36006,SPADE RANCH C111,"CROWNQUEST OPERATING, LLC",New Drill,Vertical,2021-05-25,2021-06-03
42-335-36007,"MCCABE, V. T. 67","SD ROYALE ENERGY, INC.",New Drill,Vertical,2021-05-24,2021-06-08
42-335-36004,SPADE RANCH C221,"CROWNQUEST OPERATING, LLC",New Drill,Vertical,2021-05-24,2021-06-08
42-335-32109,"MCCABE, V. T. 42","SD ROYALE ENERGY, INC.",Recompletion,Vertical,2021-05-12,2021-05-19
42-335-31366,NORTH WESTBROOK 3509,"SABINAL ENERGY OPERATING, LLC",Recompletion,Vertical,2021-02-24,2021-03-23
42-335-33664,NORTH WESTBROOK 5108,"SABINAL ENERGY OPERATING, LLC",Recompletion,Vertical,2021-02-24,2021-03-10
42-335-31496,"FOSTER, W.L. #5 7R","SABINAL ENERGY OPERATING, LLC",Recompletion,Vertical,2021-02-24,2021-03-01
42-335-31499,"FOSTER, W.L. #5 13","SABINAL ENERGY OPERATING, LLC",Recompletion,Vertical,2021-02-24,2021-03-01
42-335-31500,"FOSTER, W.L. #5 15","SABINAL ENERGY OPERATING, LLC",Recompletion,Vertical,2021-02-24,2021-03-01
42-335-36003,MP 63.4 CP UNIT 1,ENERGY TRANSFER COMPANY,New Drill,Vertical,2021-02-08,2021-02-24
42-335-36002,"MCCABE, V. T. 63","SD ROYALE ENERGY, INC.",New Drill,Vertical,2021-01-08,2021-01-13
42-335-36001,MP 66.7 CP UNIT 1,ENERGY TRANSFER COMPANY,New Drill,Vertical,2021-01-05,2021-01-20
42-335-36000,SOLOMON 20,"RHB EXPLORATION & PRODUCTION,LLC",New Drill,Vertical,2021-01-04,2021-01-08
42-335-35999,"MCCABE, V.T. 64","SD ROYALE ENERGY, INC.",New Drill,Vertical,2020-12-30,2021-01-06
42-335-35998,MAG10 01,"MAGELLAN PIPELINE COMPANY, L.P.",New Drill,Vertical,2020-11-10,2020-11-30
42-335-35944,WARTHOG 1,"REATTA ENERGY, INC.",Recompletion,Vertical,2020-06-05,2020-06-08
42-335-35417,CRAWFORD-STRAIN UNIT 1208,SCHLACHTER OPERATING CORPORATION,Recompletion,Vertical,2020-05-12,2020-05-13
42-335-35997,"MCCABE, V. T. 62","SD ROYALE ENERGY, INC.",New Drill,Vertical,2020-04-13,2020-04-13
42-335-31506,"FOSTER, MARY 123","BASA RESOURCES, INC.",Reclass,Vertical,2020-02-07,2020-02-07
42-335-35996,SOLOMON 15,"RHB EXPLORATION & PRODUCTION,LLC",New Drill,Vertical,2020-02-04,2020-02-06
42-335-35995,SOLOMON 19,"RHB EXPLORATION & PRODUCTION,LLC",New Drill,Vertical,2020-01-24,2020-01-28
42-335-31631,"FOSTER, MARY 133","BASA RESOURCES, INC.",Reclass,Vertical,2020-01-23,2020-01-28
42-335-35994,CARSON 1H,SWJN OIL COMPANY,New Drill,Horizontal,2020-01-17,2020-01-24
42-335-35993,"MCCABE, V. T. 61","SD ROYALE ENERGY, INC.",New Drill,Vertical,2020-01-15,2020-01-22
42-335-35992,SPADE RANCH W361,"CROWNQUEST OPERATING, LLC",New Drill,Vertical,2019-12-30,2020-01-08
42-335-33846,"FOSTER, MARY 385","BASA RESOURCES, INC.",Recompletion,Vertical,2019-09-25,2019-09-27
42-335-33422,"FOSTER, MARY 240","BASA RESOURCES, INC.",Reclass,Vertical,2019-08-23,2019-08-28
42-335-35991,COLEMAN RANCH-97 1,FIRSTRIKE ENERGY CORPORATION,New Drill,Vertical,2019-07-10,2019-07-10
42-335-33601,"FOSTER, MARY 269","BASA RESOURCES, INC.",Recompletion,Vertical,2019-07-02,2019-07-05
42-335-35990,RHINO 2,"REATTA ENERGY, INC.",New Drill,Vertical,2019-05-06,2019-05-09
42-335-35989,MD 72.8 CP UNIT 1,HOUSTON PIPE LINE COMPANY LP,New Drill,Vertical,2019-05-02,2019-05-03
42-335-35950,WARTHOG 2,"REATTA ENERGY, INC.",Recompletion,Vertical,2019-04-24,2019-06-21
42-335-32859,"STRAIN, L. A. 'A' 2","UNITEX OIL & GAS, L.L.C.",Reclass,Vertical,2019-03-19,2019-03-20
42-335-35988,BASIN 2,PLAINS PIPELINE L.P.,New Drill,Vertical,2019-01-22,2019-01-31
42-335-35987,MP 192.7 1,ENTERPRISE PRODUCTS TEXAS OP LLC,New Drill,Vertical,2019-01-15,2019-01-29
42-335-35985,RED ANGUS 48 7,"REATTA ENERGY, INC.",New Drill,Vertical,2019-01-08,2019-01-09
42-335-35986,ENT03 01,ENTERPRISE PRODUCTS OPERATINGLLC,New Drill,Vertical,2018-12-18,2019-01-14
42-335-30758,SPADE A 9D,"REATTA ENERGY, INC.",Recompletion,Vertical,2018-10-18,2018-10-19
42-335-35984,DWTR 17.5 1,"HOLLY ENERGY PARTNERS-OP, L.P.",New Drill,Vertical,2018-10-12,2018-10-19
42-335-35860,STRAIN 2V,"STRAND ENERGY, L.C.",Recompletion,Vertical,2018-09-05,2018-09-10
42-335-35982,SPADE RANCH W322N,"CROWNQUEST OPERATING, LLC",New Drill,Vertical,2018-09-04,2018-09-25
42-335-35983,SPADE RANCH W312N,"CROWNQUEST OPERATING, LLC",New Drill,Vertical,2018-09-04,2018-09-25
42-335-35981,WESTBROOK SOUTHEAST UNIT 2804WS,ENERGEN RESOURCES CORPORATION,New Drill,Vertical,2018-08-24,2018-08-27
42-335-35938,SPADE RANCH 381,"CROWNQUEST OPERATING, LLC",New Drill,Vertical,2018-05-15,2018-05-18
42-335-35965,SPADE RANCH 351,"CROWNQUEST OPERATING, LLC",New Drill,Vertical,2018-05-07,2018-05-10
42-335-35980,SPADE RANCH W081,"CROWNQUEST OPERATING, LLC",New Drill,Vertical,2018-04-19,2018-04-24
42-335-35978,HEREFORD 37 1,"REATTA ENERGY, INC.",New Drill,Vertical,2018-04-16,2018-04-16
42-335-35979,SHORTHORN 2503,"REATTA ENERGY, INC.",New Drill,Vertical,2018-04-16,2018-04-16
42-335-35958,ORYX 1,"REATTA ENERGY, INC.",Recompletion,Vertical,2018-04-13,2018-04-16
42-335-35976,COLEMAN RANCH -B- 8,SWJN OIL COMPANY,New Drill,Vertical,2018-04-04,2018-12-31
42-335-35977,COLEMAN RANCH -B- 7,SWJN OIL COMPANY,New Drill,Vertical,2018-04-04,2018-04-04
42-335-35975,GRANT 6,SWJN OIL COMPANY,New Drill,Vertical,2018-03-14,2018-03-14
42-335-35974,"STRAIN, L. A. 'A' 5","UNITEX OIL & GAS, L.L.C.",New Drill,Vertical,2018-03-13,2018-03-14
42-335-35973,SI-10.2 CP UNIT 1,HOUSTON PIPE LINE COMPANY LP,New Drill,Vertical,2018-02-19,2018-03-06
42-335-35956,SOLOMON 14,"RHB EXPLORATION & PRODUCTION,LLC",New Drill,Vertical,2018-02-07,2018-02-08
42-335-35972,SPADE RANCH W071,"CROWNQUEST OPERATING, LLC",New Drill,Vertical,2018-02-05,2018-02-07
42-335-35971,SPADE RANCH W311N,"CROWNQUEST OPERATING, LLC",New Drill,Vertical,2018-02-05,2018-02-05
42-335-35970,SPADE RANCH W321N,"CROWNQUEST OPERATING, LLC",New Drill,Vertical,2018-02-02,2018-02-02
42-335-35969,RHINO 1,"REATTA ENERGY, INC.",New Drill,Vertical,2018-01-12,2018-01-18
42-335-10119,"FOSTER, MARY 72","BASA RESOURCES, INC.",Reclass,Vertical,2017-12-05,2017-12-13
42-335-35968,GRANT 5,SWJN OIL COMPANY,New Drill,Vertical,2017-10-19,2017-10-25
42-335-35967,RED ANGUS 48 6,PURVIS OPERATING CO.,New Drill,Vertical,2017-06-30,2017-07-06
42-335-35966,BLACK ANGUS 47 7,PURVIS OPERATING CO.,New Drill,Vertical,2017-06-30,2017-07-05
42-335-35965,SPADE RANCH 351,"CROWNQUEST OPERATING, LLC",New Drill,Vertical,2017-06-06,2017-06-16
42-335-35964,SPADE 18 271,"CROWNQUEST OPERATING, LLC",New Drill,Vertical,2017-04-27,2017-05-10
42-335-35961,BURCHARD B 3,"BLACKBEARD OPERATING, LLC",New Drill,Vertical,2017-04-11,2017-04-18
42-335-35962,BURCHARD B 4,"BLACKBEARD OPERATING, LLC",New Drill,Vertical,2017-04-11,2017-04-18
42-335-35963,TR5B 5CP,"HOLLY ENERGY PARTNERS-OP, L.P.",New Drill,Vertical,2017-03-29,2017-05-03
42-335-35955,WHITEFACE 36 4301,PURVIS OPERATING CO.,New Drill,Vertical,2017-03-16,2017-03-27
42-335-35959,SOLOMON 9,"RHB EXPLORATION & PRODUCTION,LLC",New Drill,Vertical,2017-03-07,2017-03-17
42-335-35960,SOLOMON 16,"RHB EXPLORATION & PRODUCTION,LLC",New Drill,Vertical,2017-03-07,2017-03-17
42-335-35958,ORYX 1,"REATTA ENERGY, INC.",New Drill,Vertical,2017-03-06,2017-03-13
42-335-35954,BLACK ANGUS 47 6,PURVIS OPERATING CO.,New Drill,Vertical,2017-02-22,2017-03-01
42-335-35955,WHITEFACE 36 4301,PURVIS OPERATING CO.,New Drill,Vertical,2017-02-22,2017-03-01
42-335-35956,SOLOMON 14,"RHB EXPLORATION & PRODUCTION,LLC",New Drill,Vertical,2017-02-22,2017-03-01
42-335-35957,MP 56.0 CP UNIT 1,HOUSTON PIPE LINE COMPANY LP,New Drill,Vertical,2017-02-20,2017-03-09
42-335-35952,SOLOMON 10,"RHB EXPLORATION & PRODUCTION,LLC",New Drill,Vertical,2017-02-03,2017-02-10
42-335-35935,SPADE 16 342,"CROWNQUEST OPERATING, LLC",New Drill,Vertical,2017-01-07,2017-01-18
42-335-35951,"COLEMAN, LUCY M. 20","AMERICO ENERGY RESOURCES, LLC",New Drill,Vertical,2016-12-19,2016-12-30
42-335-35950,WARTHOG 2,"REATTA ENERGY, INC.",New Drill,Vertical,2016-12-01,2016-12-16
42-335-35948,COLEMAN RANCH UNIT 410,"AMERICO ENERGY RESOURCES, LLC",New Drill,Vertical,2016-11-07,2016-11-15
42-335-35949,BLACK ANGUS 47 4,PURVIS OPERATING CO.,New Drill,Vertical,2016-11-01,2016-11-17
42-335-35947,CROCKETT 1,"REATTA ENERGY, INC.",New Drill,Vertical,2016-06-14,2016-06-16
42-335-35946,WHITEFACE 36 5,PURVIS OPERATING CO.,New Drill,Vertical,2016-06-13,2016-06-13
42-335-34758,NORTH EZJ RANCH 35 1,"SHARP IMAGE ENERGY, INC.",Recompletion,Vertical,2016-04-11,2016-04-11
42-335-32692,"MCMILLAN, VERSIE 6","UNITEX OIL & GAS, L.L.C.",Reclass,Vertical,2015-12-02,2015-12-16
42-335-34242,WESTBROOK SOUTHEAST UNIT 726,ENERGEN RESOURCES CORPORATION,Recompletion,Vertical,2015-11-10,2015-11-16
42-335-35945,KUDU 1,"REATTA ENERGY, INC.",New Drill,Vertical,2015-11-02,2015-11-06
42-335-35944,WARTHOG 1,"REATTA ENERGY, INC.",New Drill,Vertical,2015-10-30,2015-11-09
42-335-35943,BLACK ANGUS 47 3,PURVIS OPERATING CO.,New Drill,Vertical,2015-10-14,2015-10-22
42-335-01428,WESTBROOK SOUTHEAST UNIT 621,ENERGEN RESOURCES CORPORATION,Recompletion,Vertical,2015-09-24,2015-09-30
42-335-00311,WESTBROOK SOUTHEAST UNIT 812,ENERGEN RESOURCES CORPORATION,Recompletion,Vertical,2015-09-22,2015-09-30
42-335-33781,WESTBROOK SOUTHEAST UNIT 535,ENERGEN RESOURCES CORPORATION,Recompletion,Vertical,2015-09-22,2015-09-30
42-335-31960,WESTBROOK SOUTHEAST UNIT 532,ENERGEN RESOURCES CORPORATION,Recompletion,Vertical,2015-09-02,2015-09-25
42-335-34212,WESTBROOK SOUTHEAST UNIT 537,ENERGEN RESOURCES CORPORATION,Recompletion,Vertical,2015-09-01,2015-10-15
42-335-33503,WESTBROOK SOUTHEAST UNIT 418,ENERGEN RESOURCES CORPORATION,Recompletion,Vertical,2015-08-26,2015-09-25
42-335-32922,WESTBROOK SOUTHEAST UNIT 1037,ENERGEN RESOURCES CORPORATION,Recompletion,Vertical,2015-08-24,2015-09-02
42-335-32816,WESTBROOK SOUTHEAST UNIT 1035,ENERGEN RESOURCES CORPORATION,Recompletion,Vertical,2015-08-21,2015-09-03
42-335-00376,WESTBROOK SOUTHEAST UNIT 513,ENERGEN RESOURCES CORPORATION,Recompletion,Vertical,2015-08-13,2015-09-01
42-335-01902,WESTBROOK SOUTHEAST UNIT 415,ENERGEN RESOURCES CORPORATION,Recompletion,Vertical,2015-08-12,2015-09-22
42-335-35941,BLACK ANGUS 47 5,PURVIS OPERATING CO.,New Drill,Vertical,2015-08-06,2015-08-18
42-335-35940,WHITEFACE 36 2,PURVIS OPERATING CO.,New Drill,Vertical,2015-08-06,2015-08-17
42-335-35938,SPADE 16 381,"CROWNQUEST OPERATING, LLC",New Drill,Vertical,2015-07-23,2015-07-31
42-335-35939,SPADE 16 382,"CROWNQUEST OPERATING, LLC",New Drill,Vertical,2015-07-23,2015-07-31
42-335-35942,TR3-C 2,"HOLLY ENERGY PARTNERS-OP, L.P.",New Drill,Vertical,2015-07-22,2015-08-17
42-335-35934,SPADE 16 331,"CROWNQUEST OPERATING, LLC",New Drill,Vertical,2015-07-22,2015-07-31
42-335-35935,SPADE 16 342,"CROWNQUEST OPERATING, LLC",New Drill,Vertical,2015-07-22,2015-07-31
42-335-35936,SPADE 16 341,"CROWNQUEST OPERATING, LLC",New Drill,Vertical,2015-07-22,2015-07-31
42-335-35937,SPADE 16 351,"CROWNQUEST OPERATING, LLC",New Drill,Vertical,2015-07-22,2015-07-31
42-335-33568,WESTBROOK SOUTHEAST UNIT 624,ENERGEN RESOURCES CORPORATION,Recompletion,Vertical,2015-07-15,2015-07-24
42-335-35342,"FOSTER, MARY 513","BASA RESOURCES, INC.",Recompletion,Vertical,2015-06-30,2015-07-07
42-335-34134,WESTBROOK SOUTHEAST UNIT 847,ENERGEN RESOURCES CORPORATION,Recompletion,Vertical,2015-06-09,2015-06-16
42-335-35933,DUNN-HESTER UNIT 1,"S.B. STREET OPERATING, INC.",New Drill,Vertical,2015-06-09,2015-06-11
42-335-34104,"FOSTER, MARY 463","BASA RESOURCES, INC.",Reclass,Vertical,2015-06-03,2015-06-10
42-335-30623,GLASS 'C' 4201WD,L.C.S. PRODUCTION COMPANY,Re-Enter,Vertical,2015-05-26,2015-05-29
42-335-35931,GLASS 'D' 232,L.C.S. PRODUCTION COMPANY,New Drill,Vertical,2015-04-28,2015-04-29
42-335-35932,GLASS 'D' 332,L.C.S. PRODUCTION COMPANY,New Drill,Vertical,2015-04-28,2015-04-29
42-335-00408,NORTH WESTBROOK UNIT 2109,ENERGEN RESOURCES CORPORATION,Recompletion,Vertical,2015-04-06,2015-04-14
42-335-00416,GLASS 'C' 341WD,L.C.S. PRODUCTION COMPANY,Re-Enter,Vertical,2015-03-06,2015-03-09
42-335-35930,GLASS 'C' 241,L.C.S. PRODUCTION COMPANY,New Drill,Vertical,2015-01-27,2015-01-29
42-335-35913,GLASS 'C' 141,L.C.S. PRODUCTION COMPANY,New Drill,Vertical,2015-01-22,2015-01-30
42-335-00906,"FOSTER, MARY 22","BASA RESOURCES, INC.",Recompletion,Vertical,2015-01-09,2015-01-12
42-335-35929,GLASS 'C' 132,L.C.S. PRODUCTION COMPANY,New Drill,Vertical,2014-12-02,2014-12-03
42-335-35928,GLASS 'B' 231,L.C.S. PRODUCTION COMPANY,New Drill,Vertical,2014-12-02,2014-12-03
42-335-35927,GLASS 216,L.C.S. PRODUCTION COMPANY,New Drill,Vertical,2014-11-25,2014-11-26
42-335-35926,GLASS 116,L.C.S. PRODUCTION COMPANY,New Drill,Vertical,2014-11-24,2014-11-26
42-335-35925,GLASS 3,L.C.S. PRODUCTION COMPANY,New Drill,Vertical,2014-11-24,2014-11-25
42-335-35924,GLASS 2,L.C.S. PRODUCTION COMPANY,New Drill,Vertical,2014-11-21,2014-11-24
42-335-35862,WULFJEN 2H,"DEVON ENERGY PRODUCTION CO, L.P.",New Drill,Horizontal,2014-11-20,2014-12-02
42-335-35879,CRAWFORD STRAIN UNIT 1901,SCHLACHTER OPERATING CORPORATION,New Drill,Vertical,2014-11-18,2014-11-20
42-335-35914,GLASS 'B' 122,L.C.S. PRODUCTION COMPANY,New Drill,Vertical,2014-11-12,2014-11-13
42-335-35923,NORTH WESTBROOK UNIT 5311R,ENERGEN RESOURCES CORPORATION,New Drill,Vertical,2014-11-10,2014-11-12
42-335-32988,"REES, T. A. 16",ENDEAVOR ENERGY RESOURCES L.P.,Reclass,Vertical,2014-10-29,2014-12-02
42-335-35922,GLASS 'B' 124,L.C.S. PRODUCTION COMPANY,New Drill,Vertical,2014-10-15,2014-10-17
42-335-35921,CRAWFORD-STRAIN UNIT 1211,SCHLACHTER OPERATING CORPORATION,New Drill,Vertical,2014-10-10,2014-10-15
42-335-35920,GLASS 'B' 131,L.C.S. PRODUCTION COMPANY,New Drill,Vertical,2014-10-02,2014-10-09
42-335-35919,GLASS 'C' 142,L.C.S. PRODUCTION COMPANY,New Drill,Vertical,2014-10-01,2014-10-09
42-335-35918,GLASS 'B' 123,L.C.S. PRODUCTION COMPANY,New Drill,Vertical,2014-10-01,2014-10-09
42-335-35877,MURPHY 7,PRIDE ENERGY COMPANY,New Drill,Vertical,2014-09-18,2014-10-06
42-335-35917,X 25,"ATMOS ENERGY CORP., MID-TEX DIV.",New Drill,Vertical,2014-09-04,2014-10-14
42-335-00372,WESTBROOK SOUTHEAST UNIT 308 R,ENERGEN RESOURCES CORPORATION,Recompletion,Vertical,2014-09-03,2014-09-26
42-335-00330,WESTBROOK SOUTHEAST UNIT 1031,ENERGEN RESOURCES CORPORATION,Recompletion,Vertical,2014-09-03,2014-09-23
42-335-32922,WESTBROOK SOUTHEAST UNIT 1037,ENERGEN RESOURCES CORPORATION,Recompletion,Vertical,2014-09-03,2014-09-23
42-335-01843,WESTBROOK SOUTHEAST UNIT 709R,ENERGEN RESOURCES CORPORATION,Recompletion,Vertical,2014-09-03,2014-09-23
42-335-31959,WESTBROOK SOUTHEAST UNIT 531,ENERGEN RESOURCES CORPORATION,Recompletion,Vertical,2014-09-02,2014-09-19
42-335-31531,NARRELL 1,ENERGEN RESOURCES CORPORATION,Field Transfer,Vertical,2014-08-21,2014-09-19
42-335-31668,NARRELL 2W,ENERGEN RESOURCES CORPORATION,Field Transfer,Vertical,2014-08-21,2014-09-19
42-335-32053,NARRELL 6,ENERGEN RESOURCES CORPORATION,Field Transfer,Vertical,2014-08-21,2014-09-19
42-335-34599,NARRELL 7,ENERGEN RESOURCES CORPORATION,Field Transfer,Vertical,2014-08-21,2014-09-19
42-335-35915,SOLOMON 11,"RHB EXPLORATION & PRODUCTION,LLC",New Drill,Vertical,2014-08-19,2014-09-11
42-335-35916,SOLOMON 13,"RHB EXPLORATION & PRODUCTION,LLC",New Drill,Vertical,2014-08-19,2014-09-11
42-335-35913,GLASS 'C' 141,L.C.S. PRODUCTION COMPANY,New Drill,Vertical,2014-08-11,2014-09-03
42-335-35914,GLASS 'B' 122,L.C.S. PRODUCTION COMPANY,New Drill,Vertical,2014-08-11,2014-09-03
42-335-35912,GLASS 1,L.C.S. PRODUCTION COMPANY,New Drill,Vertical,2014-08-11,2014-09-03
42-335-35856,NARRELL 10,ENERGEN RESOURCES CORPORATION,New Drill,Vertical,2014-08-07,2014-09-11
42-335-35855,NARRELL 9,ENERGEN RESOURCES CORPORATION,Recompletion,Vertical,2014-08-07,2014-09-11
42-335-35857,NARRELL 8,ENERGEN RESOURCES CORPORATION,Field Transfer,Vertical,2014-08-07,2014-09-11
42-335-35911,TURNER GREGORY UNIT 401R,"QUANTUM RESOURCES MANAGEMENT,LLC",New Drill,Vertical,2014-08-07,2014-09-05
42-335-35908,TURNER GREGORY UNIT 2912,"QUANTUM RESOURCES MANAGEMENT,LLC",New Drill,Vertical,2014-07-24,2014-08-18
42-335-35909,TURNER GREGORY UNIT 2204,"QUANTUM RESOURCES MANAGEMENT,LLC",New Drill,Vertical,2014-07-24,2014-08-18
42-335-35903,EPU 3351533 1CP,PLAINS PIPELINE L.P.,New Drill,Vertical,2014-06-03,2014-07-02
42-335-32442,BRENNAND 5,"BASA RESOURCES, INC.",Reclass,Vertical,2014-05-28,2014-07-08
42-335-34135,WESTBROOK SOUTHEAST UNIT 2308,ENERGEN RESOURCES CORPORATION,Recompletion,Vertical,2014-05-27,2014-07-07
42-335-35901,STRAIN 5H,"DEVON ENERGY PRODUCTION CO, L.P.",New Drill,Horizontal,2014-05-27,2014-06-30
42-335-35907,SPADE RANCH 18 1,"CROWNQUEST OPERATING, LLC",New Drill,Vertical,2014-05-20,2014-07-02
42-335-35906,SPADE RANCH 1 1,"CROWNQUEST OPERATING, LLC",New Drill,Vertical,2014-05-19,2014-07-02
42-335-35905,SPADE RANCH 5 1,"CROWNQUEST OPERATING, LLC",New Drill,Vertical,2014-05-19,2014-07-01
42-335-35904,SPADE RANCH 17 4,"CROWNQUEST OPERATING, LLC",New Drill,Vertical,2014-05-19,2014-07-01
42-335-35900,WHITEFACE 36 3,PURVIS OPERATING CO.,New Drill,Vertical,2014-05-15,2014-06-10
42-335-35899,RED ANGUS 48 5,PURVIS OPERATING CO.,New Drill,Vertical,2014-05-14,2014-06-20
42-335-35902,HWY 163 163,"HOLLY ENERGY PARTNERS-OP, L.P.",New Drill,Vertical,2014-05-12,2014-06-18
42-335-35897,TERRY 1H,"DEVON ENERGY PRODUCTION CO, L.P.",New Drill,Horizontal,2014-05-12,2014-06-17
42-335-35894,NORTH WESTBROOK UNIT 821W,ENERGEN RESOURCES CORPORATION,New Drill,Vertical,2014-05-08,2014-06-11
42-335-35893,NORTH WESTBROOK UNIT 918W,ENERGEN RESOURCES CORPORATION,New Drill,Vertical,2014-05-08,2014-06-11
42-335-35895,NORTH WESTBROOK UNIT 919W,ENERGEN RESOURCES CORPORATION,New Drill,Vertical,2014-05-08,2014-06-11
42-335-35896,POOR FARM -B- 10W,ENERGEN RESOURCES CORPORATION,New Drill,Vertical,2014-05-08,2014-06-11
42-335-35858,JAMES S. TRULOCK 7,SCHLACHTER OPERATING CORPORATION,New Drill,Vertical,2013-08-27,2013-09-06
42-335-35859,BONITA PHELAN 24,SCHLACHTER OPERATING CORPORATION,New Drill,Vertical,2013-08-27,2013-09-06
42-335-35724,SHORTHORN 2501,PURVIS OPERATING CO.,New Drill,Vertical,2013-07-29,2013-07-31
42-335-35784,BRAHMAN 24 1,PURVIS OPERATING CO.,New Drill,Vertical,2013-07-29,2013-07-30
42-335-35783,WHITEFACE 36 1,PURVIS OPERATING CO.,New Drill,Vertical,2013-07-29,2013-07-30
42-335-00595,NORTH WESTBROOK UNIT 4003,ENERGEN RESOURCES CORPORATION,Recompletion,Vertical,2013-06-25,2013-06-28
42-335-32154,NORTH WESTBROOK UNIT 3014,ENERGEN RESOURCES CORPORATION,Recompletion,Vertical,2013-06-25,2013-06-28
42-335-35857,NARRELL 8,ENERGEN RESOURCES CORPORATION,New Drill,Vertical,2013-06-24,2013-06-27
42-335-35855,NARRELL 9,ENERGEN RESOURCES CORPORATION,New Drill,Vertical,2013-06-24,2013-06-27
42-335-35856,NARRELL 10,ENERGEN RESOURCES CORPORATION,New Drill,Vertical,2013-06-24,2013-06-27
42-335-35795,TURNER GREGORY UNIT 1620,"QUANTUM RESOURCES MANAGEMENT,LLC",New Drill,Vertical,2013-06-20,2013-06-25
42-335-35854,WESTBROOK SWD 1,"AGGIETECH OIL, LTD.",New Drill,Vertical,2013-06-10,2013-06-14
42-335-35853,RICHBURG 1H,"DEVON ENERGY PRODUCTION CO, L.P.",New Drill,Horizontal,2013-06-04,2013-06-07
42-335-35852,TR5 5CP,"HOLLY ENERGY PARTNERS-OP, L.P.",New Drill,Vertical,2013-05-29,2013-06-03
42-335-35851,POOR FARM -C- 18,ENERGEN RESOURCES CORPORATION,New Drill,Vertical,2013-05-22,2013-07-09
42-335-35849,NORTH WESTBROOK UNIT 917,ENERGEN RESOURCES CORPORATION,New Drill,Vertical,2013-05-21,2013-05-24
42-335-35827,BRENNAND -4- 1,ENERGEN RESOURCES CORPORATION,New Drill,Vertical,2013-05-21,2013-05-23
42-335-35831,BRENNAND -4- 3,ENERGEN RESOURCES CORPORATION,New Drill,Vertical,2013-05-21,2013-05-23
42-335-35850,POOR FARM -C- 17,ENERGEN RESOURCES CORPORATION,New Drill,Vertical,2013-05-21,2013-05-23
42-335-35829,BRENNAND -9- 1,ENERGEN RESOURCES CORPORATION,New Drill,Vertical,2013-05-20,2013-05-24
42-335-35847,POOR FARM -C- 15,ENERGEN RESOURCES CORPORATION,New Drill,Vertical,2013-05-17,2013-05-21
42-335-35848,POOR FARM -C- 16,ENERGEN RESOURCES CORPORATION,New Drill,Vertical,2013-05-17,2013-05-21
42-335-33458,NORTH WESTBROOK UNIT 907,ENERGEN RESOURCES CORPORATION,Recompletion,Vertical,2013-05-16,2013-06-28
42-335-35844,BRENNAND -A- 13,ENERGEN RESOURCES CORPORATION,New Drill,Vertical,2013-05-16,2013-05-28
42-335-35845,BRENNAND -A- 14,ENERGEN RESOURCES CORPORATION,New Drill,Vertical,2013-05-16,2013-05-28
42-335-35846,WOMACK -D- 11,ENERGEN RESOURCES CORPORATION,New Drill,Vertical,2013-05-16,2013-05-24
42-335-35843,BRENNAND -A- 12,ENERGEN RESOURCES CORPORATION,New Drill,Vertical,2013-05-16,2013-05-24
42-335-35830,BRENNAND -9- 2,ENERGEN RESOURCES CORPORATION,New Drill,Vertical,2013-05-16,2013-05-20
42-335-30192,NORTH WESTBROOK UNIT 5003,ENERGEN RESOURCES CORPORATION,Recompletion,Vertical,2013-05-16,2013-05-17
42-335-35839,HAMMOND SWD 1,"MTN ENERGY OPERATING, LLC",New Drill,Vertical,2013-05-15,2013-05-24
42-335-35842,STRAIN 1HR,"DEVON ENERGY PRODUCTION CO, L.P.",New Drill,Horizontal,2013-05-15,2013-05-20
42-335-30344,NORTH WESTBROOK UNIT 4903,ENERGEN RESOURCES CORPORATION,Recompletion,Vertical,2013-05-15,2013-05-17
42-335-30141,NORTH WESTBROOK UNIT 3711,ENERGEN RESOURCES CORPORATION,Recompletion,Vertical,2013-05-15,2013-05-16
42-335-34486,NORTH WESTBROOK UNIT 1813,ENERGEN RESOURCES CORPORATION,Recompletion,Vertical,2013-05-14,2013-05-17
42-335-35744,STRAIN 1H,"DEVON ENERGY PRODUCTION CO, L.P.",New Drill,Horizontal,2013-05-14,2013-05-16
42-335-80321,NORTH WESTBROOK UNIT 1102,ENERGEN RESOURCES CORPORATION,Recompletion,Vertical,2013-05-14,2013-05-16
42-335-01582,NORTH WESTBROOK UNIT 1806,ENERGEN RESOURCES CORPORATION,Recompletion,Vertical,2013-05-14,2013-05-16
42-335-01426,NORTH WESTBROOK UNIT 3710,ENERGEN RESOURCES CORPORATION,Recompletion,Vertical,2013-05-14,2013-05-16
42-335-35741,WULFJEN C 1H,"DEVON ENERGY PRODUCTION CO, L.P.",New Drill,Horizontal,2013-05-08,2013-05-10
42-335-32883,NORTH EZJ 34 1RE,"SHARP IMAGE ENERGY, INC.",Re-Enter,Vertical,2013-05-08,2013-05-09
42-335-35841,WOOD SWD 1,KING OPERATING CORPORATION,New Drill,Vertical,2013-05-03,2013-05-07
42-335-35744,STRAIN 1H,"DEVON ENERGY PRODUCTION CO, L.P.",New Drill,Horizontal,2013-04-29,2013-05-01
42-335-35728,TREADAWAY UNIT 3101,"LAREDO PETROLEUM, INC.",New Drill,Vertical,2013-04-26,2013-05-01
42-335-35727,TREADAWAY UNIT 3001H,"LAREDO PETROLEUM, INC.",New Drill,Horizontal,2013-04-26,2013-04-30
42-335-35839,HAMMOND SWD 1,MTN ENERGY INC,New Drill,Vertical,2013-04-23,2013-04-30
42-335-35542,RED ANGUS 48 2,PURVIS OPERATING CO.,Field Transfer,Vertical,2013-04-11,2013-04-15
42-335-35442,RED ANGUS 48 1,PURVIS OPERATING CO.,Field Transfer,Vertical,2013-04-10,2013-05-30
42-335-33188,W.L. FOSTER #1 92,ENERGEN RESOURCES CORPORATION,Recompletion,Vertical,2013-04-10,2013-05-09
42-335-32642,W.L. FOSTER 1 88,ENERGEN RESOURCES CORPORATION,Recompletion,Vertical,2013-04-10,2013-05-08
42-335-32601,W.L. FOSTER 1 81,ENERGEN RESOURCES CORPORATION,Recompletion,Vertical,2013-04-10,2013-05-08
42-335-35736,LINTON WEBB 711H,"FIREWHEEL OPERATING, LLC",New Drill,Horizontal,2012-11-12,2012-11-21
42-335-32813,"SCHUMACHER, W. M. 19","BASA RESOURCES, INC.",Recompletion,Vertical,2012-11-08,2012-11-14
42-335-35727,TREADAWAY UNIT 3001H,"LAREDO PETROLEUM, INC.",New Drill,Horizontal,2012-11-02,2012-11-06
42-335-35742,HUGHES SWD 1,"AGGIETECH OIL, LTD.",New Drill,Vertical,2012-10-25,2012-10-31
42-335-35741,WULFJEN C 1H,"DEVON ENERGY PRODUCTION CO, L.P.",New Drill,Horizontal,2012-10-11,2012-10-17
42-335-35740,WESTBROOK SOUTHEAST UNIT 2314W,ENERGEN RESOURCES CORPORATION,New Drill,Vertical,2012-09-26,2012-10-04
42-335-35739,ADOUE C 1H,"DEVON ENERGY PRODUCTION CO, L.P.",New Drill,Horizontal,2012-09-18,2012-09-26
42-335-35738,MORRISON 41 1WD,ENERGEN RESOURCES CORPORATION,New Drill,Vertical,2012-09-10,2012-09-18
42-335-35636,WESTBROOK SOUTHEAST UNIT 2726WD,ENERGEN RESOURCES CORPORATION,New Drill,Vertical,2012-09-07,2012-09-18
42-335-35737,SCHARLACH M 1H,"DEVON ENERGY PRODUCTION CO, L.P.",New Drill,Horizontal,2012-09-04,2012-09-12
42-335-35685,EZJ RANCH A 2,"SHARP IMAGE ENERGY, INC.",New Drill,Vertical,2012-08-29,2012-09-10
42-335-35736,LINTON WEBB 711H,"FIREWHEEL OPERATING, LLC",New Drill,Horizontal,2012-08-16,2012-08-24
42-335-10123,"FOSTER, MARY 76","BASA RESOURCES, INC.",Reclass,Vertical,2012-08-07,2012-08-30
42-335-35727,TREADAWAY 3001,"LAREDO PETROLEUM, INC.",New Drill,Vertical,2012-08-03,2012-08-11
42-335-35728,HALL 3101,"LAREDO PETROLEUM, INC.",New Drill,Vertical,2012-08-03,2012-08-11
42-335-35734,"FOSTER, MARY ACCT. #2 605","BASA RESOURCES, INC.",New Drill,Vertical,2012-07-27,2012-08-18
42-335-35735,"FOSTER, MARY ACCT. #2 606","BASA RESOURCES, INC.",New Drill,Vertical,2012-07-27,2012-08-18
42-335-34512,"FOSTER, MARY ACCT. #2 475","BASA RESOURCES, INC.",Recompletion,Vertical,2012-07-26,2012-09-18
42-335-35732,"FOSTER, MARY ACCT. #2 602","BASA RESOURCES, INC.",New Drill,Vertical,2012-07-26,2012-08-23
42-335-35733,"FOSTER, MARY ACCT. #2 603","BASA RESOURCES, INC.",New Drill,Vertical,2012-07-26,2012-08-18
42-335-35731,"FOSTER, MARY ACCT. #2 604","BASA RESOURCES, INC.",New Drill,Vertical,2012-07-26,2012-08-18
42-335-35729,"FOSTER, MARY ACCT. #2 600","BASA RESOURCES, INC.",New Drill,Vertical,2012-07-25,2012-08-18
42-335-35730,"FOSTER, MARY ACCT. #2 601","BASA RESOURCES, INC.",New Drill,Vertical,2012-07-25,2012-08-18
42-335-33291,MARY FOSTER ACCT. #2 203,"BASA RESOURCES, INC.",Recompletion,Vertical,2012-07-18,2012-08-13
42-335-35724,SHORTHORN 2501,PURVIS OPERATING CO.,New Drill,Vertical,2012-07-13,2012-07-25
42-335-35725,SHORTHORN 2502S,PURVIS OPERATING CO.,New Drill,Vertical,2012-07-13,2012-07-25
42-335-35723,MAYSE C 1H,"DEVON ENERGY PRODUCTION CO, L.P.",New Drill,Horizontal,2012-07-12,2012-07-20
42-335-35726,BLACK ANGUS 47 3S,PURVIS OPERATING CO.,New Drill,Vertical,2012-07-10,2012-07-19
42-335-35722,RED ANGUS 48 4S,PURVIS OPERATING CO.,New Drill,Vertical,2012-07-10,2012-07-18
42-335-35721,RED ANGUS 48 3,PURVIS OPERATING CO.,New Drill,Vertical,2012-07-09,2012-07-13
42-335-30231,NORTH WESTBROOK UNIT 7105,ENERGEN RESOURCES CORPORATION,Recompletion,Vertical,2012-07-06,2012-07-13
42-335-01819,NORTH WESTBROOK UNIT 7306,ENERGEN RESOURCES CORPORATION,Recompletion,Vertical,2012-07-06,2012-07-13
42-335-33582,NORTH WESTBROOK UNIT 7307,ENERGEN RESOURCES CORPORATION,Recompletion,Vertical,2012-07-06,2012-07-13
42-335-30342,NORTH WESTBROOK UNIT 6103,ENERGEN RESOURCES CORPORATION,Recompletion,Vertical,2012-07-05,2012-07-13
42-335-33278,NORTH WESTBROOK UNIT 6105,ENERGEN RESOURCES CORPORATION,Recompletion,Vertical,2012-07-05,2012-07-13
42-335-01816,NORTH WESTBROOK UNIT 6201,ENERGEN RESOURCES CORPORATION,Recompletion,Vertical,2012-07-05,2012-07-13
42-335-01815,NORTH WESTBROOK UNIT 6203,ENERGEN RESOURCES CORPORATION,Recompletion,Vertical,2012-07-05,2012-07-13
42-335-31648,NORTH WESTBROOK UNIT 6309,ENERGEN RESOURCES CORPORATION,Recompletion,Vertical,2012-07-05,2012-07-13
42-335-00387,NORTH WESTBROOK UNIT 6526,ENERGEN RESOURCES CORPORATION,Recompletion,Vertical,2012-07-05,2012-07-13
42-335-31647,NORTH WESTBROOK UNIT 6537,ENERGEN RESOURCES CORPORATION,Recompletion,Vertical,2012-07-05,2012-07-13
42-335-01442,NORTH WESTBROOK UNIT 6811,ENERGEN RESOURCES CORPORATION,Recompletion,Vertical,2012-07-05,2012-07-13
42-335-34488,NORTH WESTBROOK UNIT 6828,ENERGEN RESOURCES CORPORATION,Recompletion,Vertical,2012-07-05,2012-07-13
42-335-34571,NORTH WESTBROOK UNIT 6829,ENERGEN RESOURCES CORPORATION,Recompletion,Vertical,2012-07-05,2012-07-13
42-335-01422,NORTH WESTBROOK UNIT 6913,ENERGEN RESOURCES CORPORATION,Recompletion,Vertical,2012-07-05,2012-07-13
42-335-30140,NORTH WESTBROOK UNIT 6919,ENERGEN RESOURCES CORPORATION,Recompletion,Vertical,2012-07-05,2012-07-13
42-335-01425,NORTH WESTBROOK UNIT 3709,ENERGEN RESOURCES CORPORATION,Recompletion,Vertical,2012-07-05,2012-07-13
42-335-32153,NORTH WESTBROOK UNIT 3811,ENERGEN RESOURCES CORPORATION,Recompletion,Vertical,2012-07-05,2012-07-13
42-335-01805,NORTH WESTBROOK UNIT 3904,ENERGEN RESOURCES CORPORATION,Recompletion,Vertical,2012-07-05,2012-07-13
42-335-33279,NORTH WESTBROOK UNIT 3906,ENERGEN RESOURCES CORPORATION,Recompletion,Vertical,2012-07-05,2012-07-13
42-335-32194,NORTH WESTBROOK UNIT 4905,ENERGEN RESOURCES CORPORATION,Recompletion,Vertical,2012-07-05,2012-07-13
42-335-35593,TURNER GREGORY UNIT 917,"QUANTUM RESOURCES MANAGEMENT,LLC",New Drill,Directional,2011-12-08,2012-01-31
42-335-35597,TURNER GREGORY UNIT 1113,"QUANTUM RESOURCES MANAGEMENT,LLC",New Drill,Vertical,2011-12-08,2012-01-31
42-335-35595,TURNER GREGORY UNIT 1111,"QUANTUM RESOURCES MANAGEMENT,LLC",New Drill,Directional,2011-12-08,2011-12-14
42-335-35608,TURNER GREGORY UNIT 915,"QUANTUM RESOURCES MANAGEMENT,LLC",New Drill,Directional,2011-12-06,2012-02-10
42-335-35609,TURNER GREGORY UNIT 1109,"QUANTUM RESOURCES MANAGEMENT,LLC",New Drill,Vertical,2011-12-06,2012-02-10
42-335-35611,TURNER GREGORY UNIT 1120,"QUANTUM RESOURCES MANAGEMENT,LLC",New Drill,Vertical,2011-12-06,2012-02-10
42-335-35607,TURNER GREGORY UNIT 918,"QUANTUM RESOURCES MANAGEMENT,LLC",New Drill,Vertical,2011-12-06,2012-02-06
42-335-35610,TURNER GREGORY UNIT 1118,"QUANTUM RESOURCES MANAGEMENT,LLC",New Drill,Vertical,2011-12-06,2012-02-06
42-335-35113,TURNER GREGORY UNIT 0705,"QUANTUM RESOURCES MANAGEMENT,LLC",New Drill,Vertical,2011-12-01,2012-01-25
42-335-35083,TURNER-GREGORY UNIT 0701,"QUANTUM RESOURCES MANAGEMENT,LLC",New Drill,Vertical,2011-10-21,2011-10-31
42-335-35118,TURNER GREGORY UNIT 0707,"QUANTUM RESOURCES MANAGEMENT,LLC",New Drill,Vertical,2011-10-21,2011-10-27
42-335-31770,"FOSTER, MARY ACCT. #2 145","BASA RESOURCES, INC.",Recompletion,Vertical,2011-10-20,2011-10-26
42-335-33982,"FOSTER, MARY ACCT. #2 439","BASA RESOURCES, INC.",Recompletion,Vertical,2011-10-20,2011-10-24
42-335-35603,TURNER GREGORY UNIT 1115,"QUANTUM RESOURCES MANAGEMENT,LLC",New Drill,Directional,2011-10-18,2011-10-24
42-335-35604,TURNER GREGORY UNIT 1116,"QUANTUM RESOURCES MANAGEMENT,LLC",New Drill,Vertical,2011-10-18,2011-10-24
42-335-35605,TURNER GREGORY UNIT 1117,"QUANTUM RESOURCES MANAGEMENT,LLC",New Drill,Directional,2011-10-18,2011-10-24
42-335-35606,TURNER GREGORY UNIT 1119,"QUANTUM RESOURCES MANAGEMENT,LLC",New Drill,Directional,2011-10-18,2011-10-24
42-335-35447,NORTH WESTBROOK UNIT 1325W,ENERGEN RESOURCES CORPORATION,New Drill,Vertical,2011-10-18,2011-10-21
42-335-35601,CRAWFORD-STRAIN UNIT 1403R,SCHLACHTER OPERATING CORPORATION,New Drill,Vertical,2011-10-10,2011-10-14
42-335-00910,"FOSTER, MARY ACCT. #2 26","BASA RESOURCES, INC.",Recompletion,Vertical,2011-10-05,2011-11-23
42-335-33193,"FOSTER, MARY ACCT. #2 186","BASA RESOURCES, INC.",Recompletion,Vertical,2011-10-05,2011-11-23
42-335-35590,TURNER GREGORY UNIT 909,"QUANTUM RESOURCES MANAGEMENT,LLC",New Drill,Directional,2011-09-30,2011-10-06
42-335-35591,TURNER GREGORY UNIT 911,"QUANTUM RESOURCES MANAGEMENT,LLC",New Drill,Directional,2011-09-30,2011-10-06
42-335-35592,TURNER GREGORY UNIT 912,"QUANTUM RESOURCES MANAGEMENT,LLC",New Drill,Directional,2011-09-30,2011-10-06
42-335-35593,TURNER GREGORY UNIT 917,"QUANTUM RESOURCES MANAGEMENT,LLC",New Drill,Directional,2011-09-30,2011-10-06
42-335-35594,TURNER GREGORY UNIT 1110,"QUANTUM RESOURCES MANAGEMENT,LLC",New Drill,Vertical,2011-09-30,2011-10-06
42-335-35595,TURNER GREGORY UNIT 1111,"QUANTUM RESOURCES MANAGEMENT,LLC",New Drill,Directional,2011-09-30,2011-10-06
42-335-35596,TURNER GREGORY UNIT 1112,"QUANTUM RESOURCES MANAGEMENT,LLC",New Drill,Directional,2011-09-30,2011-10-06
42-335-35597,TURNER GREGORY UNIT 1113,"QUANTUM RESOURCES MANAGEMENT,LLC",New Drill,Vertical,2011-09-30,2011-10-06
42-335-35598,TURNER GREGORY UNIT 1114,"QUANTUM RESOURCES MANAGEMENT,LLC",New Drill,Directional,2011-09-30,2011-10-06
42-335-33846,"FOSTER, MARY ACCT. #2 385","BASA RESOURCES, INC.",Recompletion,Vertical,2011-09-29,2011-10-03
42-335-35587,WESTBROOK SOUTHEAST UNIT 1111,ENERGEN RESOURCES CORPORATION,New Drill,Vertical,2011-09-16,2011-09-23
42-335-33197,"FOSTER, MARY ACCT. # 2 201","BASA RESOURCES, INC.",Recompletion,Vertical,2011-09-09,2011-09-19
42-335-33601,"FOSTER, MARY ACCT. #2 269","BASA RESOURCES, INC.",Recompletion,Vertical,2011-09-06,2011-09-15
42-335-32986,"FOSTER, MARY ACCT. 2 170","BASA RESOURCES, INC.",Recompletion,Vertical,2011-09-06,2011-09-12
42-335-00213,NORTH WESTBROOK UNIT 703,ENERGEN RESOURCES CORPORATION,Recompletion,Vertical,2011-09-01,2011-09-20
42-335-34988,NORTH WESTBROOK UNIT 2810W,ENERGEN RESOURCES CORPORATION,Recompletion,Vertical,2011-09-01,2011-09-08
42-335-34487,NORTH WESTBROOK UNIT 3511,ENERGEN RESOURCES CORPORATION,Recompletion,Vertical,2011-09-01,2011-09-08
42-335-34979,NORTH WESTBROOK UNIT 3609W,ENERGEN RESOURCES CORPORATION,Recompletion,Vertical,2011-09-01,2011-09-08
42-335-30230,NORTH WESTBROOK UNIT 4806,ENERGEN RESOURCES CORPORATION,Recompletion,Vertical,2011-09-01,2011-09-08
42-335-32963,NORTH WESTBROOK UNIT 5005,ENERGEN RESOURCES CORPORATION,Recompletion,Vertical,2011-09-01,2011-09-08
42-335-33654,NORTH WESTBROOK UNIT 5007,ENERGEN RESOURCES CORPORATION,Recompletion,Vertical,2011-09-01,2011-09-08
42-335-34943,NORTH WESTBROOK UNIT 5016W,ENERGEN RESOURCES CORPORATION,Recompletion,Vertical,2011-09-01,2011-09-08
42-335-32192,NORTH WESTBROOK UNIT 6822,ENERGEN RESOURCES CORPORATION,Recompletion,Vertical,2011-09-01,2011-09-08
42-335-01129,NORTH WESTBROOK UNIT 601,ENERGEN RESOURCES CORPORATION,Recompletion,Vertical,2011-09-01,2011-09-07
42-335-00406,NORTH WESTBROOK UNIT 2111,ENERGEN RESOURCES CORPORATION,Recompletion,Vertical,2011-09-01,2011-09-07
42-335-32539,NORTH WESTBROOK UNIT 2120,ENERGEN RESOURCES CORPORATION,Recompletion,Vertical,2011-09-01,2011-09-07
42-335-01235,"FOSTER, MARY ACCT. #2 63","BASA RESOURCES, INC.",Recompletion,Vertical,2011-08-29,2011-09-03
42-335-34097,"BROWN, E. 42","BASA RESOURCES, INC.",Recompletion,Vertical,2011-08-23,2011-09-07
42-335-32425,ELLWOOD RANCH 16-18 1,"CROWNQUEST OPERATING, LLC",Re-Enter,Vertical,2011-08-22,2011-09-15
